"";"serie";"fecha";"a√±o";"mes";"valor";"con_dato";"fecha_scraping"
"1";"Precio del cobre";"2023-01-03";2023;1;3,8145;NA;2024-12-24
"2";"Precio del cobre";"2023-01-04";2023;1;3,7942;NA;2024-12-24
"3";"Precio del cobre";"2023-01-05";2023;1;3,768;NA;2024-12-24
"4";"Precio del cobre";"2023-01-06";2023;1;3,7358;NA;2024-12-24
"5";"Precio del cobre";"2023-01-07";2023;1;3,7358;NA;2024-12-24
"6";"Precio del cobre";"2023-01-08";2023;1;3,7358;NA;2024-12-24
"7";"Precio del cobre";"2023-01-09";2023;1;3,7928;NA;2024-12-24
"8";"Precio del cobre";"2023-01-10";2023;1;3,8873;NA;2024-12-24
"9";"Precio del cobre";"2023-01-11";2023;1;4,0066;NA;2024-12-24
"10";"Precio del cobre";"2023-01-12";2023;1;4,0327;NA;2024-12-24
"11";"Precio del cobre";"2023-01-13";2023;1;4,1311;NA;2024-12-24
"12";"Precio del cobre";"2023-01-14";2023;1;4,1311;NA;2024-12-24
"13";"Precio del cobre";"2023-01-15";2023;1;4,1311;NA;2024-12-24
"14";"Precio del cobre";"2023-01-16";2023;1;4,1591;NA;2024-12-24
"15";"Precio del cobre";"2023-01-17";2023;1;4,1588;NA;2024-12-24
"16";"Precio del cobre";"2023-01-18";2023;1;4,1224;NA;2024-12-24
"17";"Precio del cobre";"2023-01-19";2023;1;4,2107;NA;2024-12-24
"18";"Precio del cobre";"2023-01-20";2023;1;4,2302;NA;2024-12-24
"19";"Precio del cobre";"2023-01-21";2023;1;4,2302;NA;2024-12-24
"20";"Precio del cobre";"2023-01-22";2023;1;4,2302;NA;2024-12-24
"21";"Precio del cobre";"2023-01-23";2023;1;4,2189;NA;2024-12-24
"22";"Precio del cobre";"2023-01-24";2023;1;4,222;NA;2024-12-24
"23";"Precio del cobre";"2023-01-25";2023;1;4,2324;NA;2024-12-24
"24";"Precio del cobre";"2023-01-26";2023;1;4,2144;NA;2024-12-24
"25";"Precio del cobre";"2023-01-27";2023;1;4,2137;NA;2024-12-24
"26";"Precio del cobre";"2023-01-28";2023;1;4,2137;NA;2024-12-24
"27";"Precio del cobre";"2023-01-29";2023;1;4,2137;NA;2024-12-24
"28";"Precio del cobre";"2023-01-30";2023;1;4,2214;NA;2024-12-24
"29";"Precio del cobre";"2023-01-31";2023;1;4,1923;NA;2024-12-24
"30";"Precio del cobre";"2023-02-01";2023;2;4,1678;NA;2024-12-24
"31";"Precio del cobre";"2023-02-02";2023;2;4,1729;NA;2024-12-24
"32";"Precio del cobre";"2023-02-03";2023;2;4,1098;NA;2024-12-24
"33";"Precio del cobre";"2023-02-04";2023;2;4,1098;NA;2024-12-24
"34";"Precio del cobre";"2023-02-05";2023;2;4,1098;NA;2024-12-24
"35";"Precio del cobre";"2023-02-06";2023;2;4,0952;NA;2024-12-24
"36";"Precio del cobre";"2023-02-07";2023;2;4,0603;NA;2024-12-24
"37";"Precio del cobre";"2023-02-08";2023;2;4,0089;NA;2024-12-24
"38";"Precio del cobre";"2023-02-09";2023;2;4,0338;NA;2024-12-24
"39";"Precio del cobre";"2023-02-10";2023;2;4,0206;NA;2024-12-24
"40";"Precio del cobre";"2023-02-11";2023;2;4,0206;NA;2024-12-24
"41";"Precio del cobre";"2023-02-12";2023;2;4,0206;NA;2024-12-24
"42";"Precio del cobre";"2023-02-13";2023;2;4,0607;NA;2024-12-24
"43";"Precio del cobre";"2023-02-14";2023;2;4,0047;NA;2024-12-24
"44";"Precio del cobre";"2023-02-15";2023;2;4,0445;NA;2024-12-24
"45";"Precio del cobre";"2023-02-16";2023;2;4,0465;NA;2024-12-24
"46";"Precio del cobre";"2023-02-17";2023;2;4,0038;NA;2024-12-24
"47";"Precio del cobre";"2023-02-18";2023;2;4,0038;NA;2024-12-24
"48";"Precio del cobre";"2023-02-19";2023;2;4,0038;NA;2024-12-24
"49";"Precio del cobre";"2023-02-20";2023;2;4,0785;NA;2024-12-24
"50";"Precio del cobre";"2023-02-21";2023;2;4,0598;NA;2024-12-24
"51";"Precio del cobre";"2023-02-22";2023;2;4,1348;NA;2024-12-24
"52";"Precio del cobre";"2023-02-23";2023;2;4,1656;NA;2024-12-24
"53";"Precio del cobre";"2023-02-24";2023;2;4,1291;NA;2024-12-24
"54";"Precio del cobre";"2023-02-25";2023;2;4,1291;NA;2024-12-24
"55";"Precio del cobre";"2023-02-26";2023;2;4,1291;NA;2024-12-24
"56";"Precio del cobre";"2023-02-27";2023;2;4,0302;NA;2024-12-24
"57";"Precio del cobre";"2023-02-28";2023;2;3,9413;NA;2024-12-24
"58";"Precio del cobre";"2023-03-01";2023;3;3,9839;NA;2024-12-24
"59";"Precio del cobre";"2023-03-02";2023;3;4,0601;NA;2024-12-24
"60";"Precio del cobre";"2023-03-03";2023;3;4,1205;NA;2024-12-24
"61";"Precio del cobre";"2023-03-04";2023;3;4,1205;NA;2024-12-24
"62";"Precio del cobre";"2023-03-05";2023;3;4,1205;NA;2024-12-24
"63";"Precio del cobre";"2023-03-06";2023;3;4,0498;NA;2024-12-24
"64";"Precio del cobre";"2023-03-07";2023;3;4,0617;NA;2024-12-24
"65";"Precio del cobre";"2023-03-08";2023;3;4,034;NA;2024-12-24
"66";"Precio del cobre";"2023-03-09";2023;3;3,9633;NA;2024-12-24
"67";"Precio del cobre";"2023-03-10";2023;3;4,0307;NA;2024-12-24
"68";"Precio del cobre";"2023-03-11";2023;3;4,0307;NA;2024-12-24
"69";"Precio del cobre";"2023-03-12";2023;3;4,0307;NA;2024-12-24
"70";"Precio del cobre";"2023-03-13";2023;3;4,0063;NA;2024-12-24
"71";"Precio del cobre";"2023-03-14";2023;3;4,013;NA;2024-12-24
"72";"Precio del cobre";"2023-03-15";2023;3;4,0453;NA;2024-12-24
"73";"Precio del cobre";"2023-03-16";2023;3;3,9957;NA;2024-12-24
"74";"Precio del cobre";"2023-03-17";2023;3;3,8468;NA;2024-12-24
"75";"Precio del cobre";"2023-03-18";2023;3;3,8468;NA;2024-12-24
"76";"Precio del cobre";"2023-03-19";2023;3;3,8468;NA;2024-12-24
"77";"Precio del cobre";"2023-03-20";2023;3;3,8595;NA;2024-12-24
"78";"Precio del cobre";"2023-03-21";2023;3;3,8888;NA;2024-12-24
"79";"Precio del cobre";"2023-03-22";2023;3;3,9469;NA;2024-12-24
"80";"Precio del cobre";"2023-03-23";2023;3;3,974;NA;2024-12-24
"81";"Precio del cobre";"2023-03-24";2023;3;4,0372;NA;2024-12-24
"82";"Precio del cobre";"2023-03-25";2023;3;4,0372;NA;2024-12-24
"83";"Precio del cobre";"2023-03-26";2023;3;4,0372;NA;2024-12-24
"84";"Precio del cobre";"2023-03-27";2023;3;4,0973;NA;2024-12-24
"85";"Precio del cobre";"2023-03-28";2023;3;4,0423;NA;2024-12-24
"86";"Precio del cobre";"2023-03-29";2023;3;4,0603;NA;2024-12-24
"87";"Precio del cobre";"2023-03-30";2023;3;4,068;NA;2024-12-24
"88";"Precio del cobre";"2023-03-31";2023;3;4,0863;NA;2024-12-24
"89";"Precio del cobre";"2023-04-01";2023;4;4,0863;NA;2024-12-24
"90";"Precio del cobre";"2023-04-02";2023;4;4,0863;NA;2024-12-24
"91";"Precio del cobre";"2023-04-03";2023;4;4,0838;NA;2024-12-24
"92";"Precio del cobre";"2023-04-04";2023;4;4,084;NA;2024-12-24
"93";"Precio del cobre";"2023-04-05";2023;4;4,0447;NA;2024-12-24
"94";"Precio del cobre";"2023-04-06";2023;4;3,9646;NA;2024-12-24
"95";"Precio del cobre";"2023-04-07";2023;4;3,9646;NA;2024-12-24
"96";"Precio del cobre";"2023-04-08";2023;4;3,9646;NA;2024-12-24
"97";"Precio del cobre";"2023-04-09";2023;4;3,9646;NA;2024-12-24
"98";"Precio del cobre";"2023-04-10";2023;4;3,9847;NA;2024-12-24
"99";"Precio del cobre";"2023-04-11";2023;4;3,9947;NA;2024-12-24
"100";"Precio del cobre";"2023-04-12";2023;4;3,9947;NA;2024-12-24
"101";"Precio del cobre";"2023-04-13";2023;4;4,015;NA;2024-12-24
"102";"Precio del cobre";"2023-04-14";2023;4;4,0446;NA;2024-12-24
"103";"Precio del cobre";"2023-04-15";2023;4;4,0446;NA;2024-12-24
"104";"Precio del cobre";"2023-04-16";2023;4;4,0446;NA;2024-12-24
"105";"Precio del cobre";"2023-04-17";2023;4;4,1122;NA;2024-12-24
"106";"Precio del cobre";"2023-04-18";2023;4;4,0961;NA;2024-12-24
"107";"Precio del cobre";"2023-04-19";2023;4;4,0656;NA;2024-12-24
"108";"Precio del cobre";"2023-04-20";2023;4;4,0844;NA;2024-12-24
"109";"Precio del cobre";"2023-04-21";2023;4;4,0587;NA;2024-12-24
"110";"Precio del cobre";"2023-04-22";2023;4;4,0587;NA;2024-12-24
"111";"Precio del cobre";"2023-04-23";2023;4;4,0587;NA;2024-12-24
"112";"Precio del cobre";"2023-04-24";2023;4;4,0213;NA;2024-12-24
"113";"Precio del cobre";"2023-04-25";2023;4;3,9819;NA;2024-12-24
"114";"Precio del cobre";"2023-04-26";2023;4;3,9508;NA;2024-12-24
"115";"Precio del cobre";"2023-04-27";2023;4;3,8583;NA;2024-12-24
"116";"Precio del cobre";"2023-04-28";2023;4;3,8716;NA;2024-12-24
"117";"Precio del cobre";"2023-04-29";2023;4;3,8716;NA;2024-12-24
"118";"Precio del cobre";"2023-04-30";2023;4;3,8716;NA;2024-12-24
"119";"Precio del cobre";"2023-05-01";2023;5;3,8716;NA;2024-12-24
"120";"Precio del cobre";"2023-05-02";2023;5;3,8871;NA;2024-12-24
"121";"Precio del cobre";"2023-05-03";2023;5;3,8905;NA;2024-12-24
"122";"Precio del cobre";"2023-05-04";2023;5;3,851;NA;2024-12-24
"123";"Precio del cobre";"2023-05-05";2023;5;3,8296;NA;2024-12-24
"124";"Precio del cobre";"2023-05-06";2023;5;3,8296;NA;2024-12-24
"125";"Precio del cobre";"2023-05-07";2023;5;3,8296;NA;2024-12-24
"126";"Precio del cobre";"2023-05-08";2023;5;3,844;NA;2024-12-24
"127";"Precio del cobre";"2023-05-09";2023;5;3,8829;NA;2024-12-24
"128";"Precio del cobre";"2023-05-10";2023;5;3,8829;NA;2024-12-24
"129";"Precio del cobre";"2023-05-11";2023;5;3,8838;NA;2024-12-24
"130";"Precio del cobre";"2023-05-12";2023;5;3,8267;NA;2024-12-24
"131";"Precio del cobre";"2023-05-13";2023;5;3,8267;NA;2024-12-24
"132";"Precio del cobre";"2023-05-14";2023;5;3,8267;NA;2024-12-24
"133";"Precio del cobre";"2023-05-15";2023;5;3,6892;NA;2024-12-24
"134";"Precio del cobre";"2023-05-16";2023;5;3,7298;NA;2024-12-24
"135";"Precio del cobre";"2023-05-17";2023;5;3,7278;NA;2024-12-24
"136";"Precio del cobre";"2023-05-18";2023;5;3,6625;NA;2024-12-24
"137";"Precio del cobre";"2023-05-19";2023;5;3,748;NA;2024-12-24
"138";"Precio del cobre";"2023-05-20";2023;5;3,748;NA;2024-12-24
"139";"Precio del cobre";"2023-05-21";2023;5;3,748;NA;2024-12-24
"140";"Precio del cobre";"2023-05-22";2023;5;3,6871;NA;2024-12-24
"141";"Precio del cobre";"2023-05-23";2023;5;3,7199;NA;2024-12-24
"142";"Precio del cobre";"2023-05-24";2023;5;3,6567;NA;2024-12-24
"143";"Precio del cobre";"2023-05-25";2023;5;3,645;NA;2024-12-24
"144";"Precio del cobre";"2023-05-26";2023;5;3,5615;NA;2024-12-24
"145";"Precio del cobre";"2023-05-27";2023;5;3,5615;NA;2024-12-24
"146";"Precio del cobre";"2023-05-28";2023;5;3,5615;NA;2024-12-24
"147";"Precio del cobre";"2023-05-29";2023;5;3,5901;NA;2024-12-24
"148";"Precio del cobre";"2023-05-30";2023;5;3,6769;NA;2024-12-24
"149";"Precio del cobre";"2023-05-31";2023;5;3,6769;NA;2024-12-24
"150";"Precio del cobre";"2023-06-01";2023;6;3,6755;NA;2024-12-24
"151";"Precio del cobre";"2023-06-02";2023;6;3,6605;NA;2024-12-24
"152";"Precio del cobre";"2023-06-03";2023;6;3,6605;NA;2024-12-24
"153";"Precio del cobre";"2023-06-04";2023;6;3,6605;NA;2024-12-24
"154";"Precio del cobre";"2023-06-05";2023;6;3,7376;NA;2024-12-24
"155";"Precio del cobre";"2023-06-06";2023;6;3,7347;NA;2024-12-24
"156";"Precio del cobre";"2023-06-07";2023;6;3,7789;NA;2024-12-24
"157";"Precio del cobre";"2023-06-08";2023;6;3,7803;NA;2024-12-24
"158";"Precio del cobre";"2023-06-09";2023;6;3,7613;NA;2024-12-24
"159";"Precio del cobre";"2023-06-10";2023;6;3,7613;NA;2024-12-24
"160";"Precio del cobre";"2023-06-11";2023;6;3,7613;NA;2024-12-24
"161";"Precio del cobre";"2023-06-12";2023;6;3,7812;NA;2024-12-24
"162";"Precio del cobre";"2023-06-13";2023;6;3,7871;NA;2024-12-24
"163";"Precio del cobre";"2023-06-14";2023;6;3,7567;NA;2024-12-24
"164";"Precio del cobre";"2023-06-15";2023;6;3,8329;NA;2024-12-24
"165";"Precio del cobre";"2023-06-16";2023;6;3,8598;NA;2024-12-24
"166";"Precio del cobre";"2023-06-17";2023;6;3,8598;NA;2024-12-24
"167";"Precio del cobre";"2023-06-18";2023;6;3,8598;NA;2024-12-24
"168";"Precio del cobre";"2023-06-19";2023;6;3,881;NA;2024-12-24
"169";"Precio del cobre";"2023-06-20";2023;6;3,8805;NA;2024-12-24
"170";"Precio del cobre";"2023-06-21";2023;6;3,8805;NA;2024-12-24
"171";"Precio del cobre";"2023-06-22";2023;6;3,8764;NA;2024-12-24
"172";"Precio del cobre";"2023-06-23";2023;6;3,9038;NA;2024-12-24
"173";"Precio del cobre";"2023-06-24";2023;6;3,9038;NA;2024-12-24
"174";"Precio del cobre";"2023-06-25";2023;6;3,9038;NA;2024-12-24
"175";"Precio del cobre";"2023-06-26";2023;6;3,9038;NA;2024-12-24
"176";"Precio del cobre";"2023-06-27";2023;6;3,8915;NA;2024-12-24
"177";"Precio del cobre";"2023-06-28";2023;6;3,8202;NA;2024-12-24
"178";"Precio del cobre";"2023-06-29";2023;6;3,8021;NA;2024-12-24
"179";"Precio del cobre";"2023-06-30";2023;6;3,7465;NA;2024-12-24
"180";"Precio del cobre";"2023-07-01";2023;7;3,7465;NA;2024-12-24
"181";"Precio del cobre";"2023-07-02";2023;7;3,7465;NA;2024-12-24
"182";"Precio del cobre";"2023-07-03";2023;7;3,7091;NA;2024-12-24
"183";"Precio del cobre";"2023-07-04";2023;7;3,7749;NA;2024-12-24
"184";"Precio del cobre";"2023-07-05";2023;7;3,8089;NA;2024-12-24
"185";"Precio del cobre";"2023-07-06";2023;7;3,7857;NA;2024-12-24
"186";"Precio del cobre";"2023-07-07";2023;7;3,7667;NA;2024-12-24
"187";"Precio del cobre";"2023-07-08";2023;7;3,7667;NA;2024-12-24
"188";"Precio del cobre";"2023-07-09";2023;7;3,7667;NA;2024-12-24
"189";"Precio del cobre";"2023-07-10";2023;7;3,7404;NA;2024-12-24
"190";"Precio del cobre";"2023-07-11";2023;7;3,7923;NA;2024-12-24
"191";"Precio del cobre";"2023-07-12";2023;7;3,7905;NA;2024-12-24
"192";"Precio del cobre";"2023-07-13";2023;7;3,7671;NA;2024-12-24
"193";"Precio del cobre";"2023-07-14";2023;7;3,8505;NA;2024-12-24
"194";"Precio del cobre";"2023-07-15";2023;7;3,8505;NA;2024-12-24
"195";"Precio del cobre";"2023-07-16";2023;7;3,8505;NA;2024-12-24
"196";"Precio del cobre";"2023-07-17";2023;7;3,9404;NA;2024-12-24
"197";"Precio del cobre";"2023-07-18";2023;7;3,9289;NA;2024-12-24
"198";"Precio del cobre";"2023-07-19";2023;7;3,8411;NA;2024-12-24
"199";"Precio del cobre";"2023-07-20";2023;7;3,8306;NA;2024-12-24
"200";"Precio del cobre";"2023-07-21";2023;7;3,811;NA;2024-12-24
"201";"Precio del cobre";"2023-07-22";2023;7;3,811;NA;2024-12-24
"202";"Precio del cobre";"2023-07-23";2023;7;3,811;NA;2024-12-24
"203";"Precio del cobre";"2023-07-24";2023;7;3,8378;NA;2024-12-24
"204";"Precio del cobre";"2023-07-25";2023;7;3,8204;NA;2024-12-24
"205";"Precio del cobre";"2023-07-26";2023;7;3,85;NA;2024-12-24
"206";"Precio del cobre";"2023-07-27";2023;7;3,9196;NA;2024-12-24
"207";"Precio del cobre";"2023-07-28";2023;7;3,8906;NA;2024-12-24
"208";"Precio del cobre";"2023-07-29";2023;7;3,8906;NA;2024-12-24
"209";"Precio del cobre";"2023-07-30";2023;7;3,8906;NA;2024-12-24
"210";"Precio del cobre";"2023-07-31";2023;7;3,8683;NA;2024-12-24
"211";"Precio del cobre";"2023-08-01";2023;8;3,9125;NA;2024-12-24
"212";"Precio del cobre";"2023-08-02";2023;8;3,9917;NA;2024-12-24
"213";"Precio del cobre";"2023-08-03";2023;8;3,8983;NA;2024-12-24
"214";"Precio del cobre";"2023-08-04";2023;8;3,8416;NA;2024-12-24
"215";"Precio del cobre";"2023-08-05";2023;8;3,8416;NA;2024-12-24
"216";"Precio del cobre";"2023-08-06";2023;8;3,8416;NA;2024-12-24
"217";"Precio del cobre";"2023-08-07";2023;8;3,8876;NA;2024-12-24
"218";"Precio del cobre";"2023-08-08";2023;8;3,8661;NA;2024-12-24
"219";"Precio del cobre";"2023-08-09";2023;8;3,8266;NA;2024-12-24
"220";"Precio del cobre";"2023-08-10";2023;8;3,7662;NA;2024-12-24
"221";"Precio del cobre";"2023-08-11";2023;8;3,7935;NA;2024-12-24
"222";"Precio del cobre";"2023-08-12";2023;8;3,7935;NA;2024-12-24
"223";"Precio del cobre";"2023-08-13";2023;8;3,7935;NA;2024-12-24
"224";"Precio del cobre";"2023-08-14";2023;8;3,787;NA;2024-12-24
"225";"Precio del cobre";"2023-08-15";2023;8;3,787;NA;2024-12-24
"226";"Precio del cobre";"2023-08-16";2023;8;3,7447;NA;2024-12-24
"227";"Precio del cobre";"2023-08-17";2023;8;3,6939;NA;2024-12-24
"228";"Precio del cobre";"2023-08-18";2023;8;3,6811;NA;2024-12-24
"229";"Precio del cobre";"2023-08-19";2023;8;3,6811;NA;2024-12-24
"230";"Precio del cobre";"2023-08-20";2023;8;3,6811;NA;2024-12-24
"231";"Precio del cobre";"2023-08-21";2023;8;3,7199;NA;2024-12-24
"232";"Precio del cobre";"2023-08-22";2023;8;3,7257;NA;2024-12-24
"233";"Precio del cobre";"2023-08-23";2023;8;3,7372;NA;2024-12-24
"234";"Precio del cobre";"2023-08-24";2023;8;3,7788;NA;2024-12-24
"235";"Precio del cobre";"2023-08-25";2023;8;3,8212;NA;2024-12-24
"236";"Precio del cobre";"2023-08-26";2023;8;3,8212;NA;2024-12-24
"237";"Precio del cobre";"2023-08-27";2023;8;3,8212;NA;2024-12-24
"238";"Precio del cobre";"2023-08-28";2023;8;3,7769;NA;2024-12-24
"239";"Precio del cobre";"2023-08-29";2023;8;3,7736;NA;2024-12-24
"240";"Precio del cobre";"2023-08-30";2023;8;3,7736;NA;2024-12-24
"241";"Precio del cobre";"2023-08-31";2023;8;3,8152;NA;2024-12-24
"242";"Precio del cobre";"2023-09-01";2023;9;3,8309;NA;2024-12-24
"243";"Precio del cobre";"2023-09-02";2023;9;3,8309;NA;2024-12-24
"244";"Precio del cobre";"2023-09-03";2023;9;3,8309;NA;2024-12-24
"245";"Precio del cobre";"2023-09-04";2023;9;3,8123;NA;2024-12-24
"246";"Precio del cobre";"2023-09-05";2023;9;3,8462;NA;2024-12-24
"247";"Precio del cobre";"2023-09-06";2023;9;3,8271;NA;2024-12-24
"248";"Precio del cobre";"2023-09-07";2023;9;3,8476;NA;2024-12-24
"249";"Precio del cobre";"2023-09-08";2023;9;3,7915;NA;2024-12-24
"250";"Precio del cobre";"2023-09-09";2023;9;3,7915;NA;2024-12-24
"251";"Precio del cobre";"2023-09-10";2023;9;3,7915;NA;2024-12-24
"252";"Precio del cobre";"2023-09-11";2023;9;3,7691;NA;2024-12-24
"253";"Precio del cobre";"2023-09-12";2023;9;3,7326;NA;2024-12-24
"254";"Precio del cobre";"2023-09-13";2023;9;3,7991;NA;2024-12-24
"255";"Precio del cobre";"2023-09-14";2023;9;3,7955;NA;2024-12-24
"256";"Precio del cobre";"2023-09-15";2023;9;3,8091;NA;2024-12-24
"257";"Precio del cobre";"2023-09-16";2023;9;3,8091;NA;2024-12-24
"258";"Precio del cobre";"2023-09-17";2023;9;3,8091;NA;2024-12-24
"259";"Precio del cobre";"2023-09-18";2023;9;3,8091;NA;2024-12-24
"260";"Precio del cobre";"2023-09-19";2023;9;3,8091;NA;2024-12-24
"261";"Precio del cobre";"2023-09-20";2023;9;3,7976;NA;2024-12-24
"262";"Precio del cobre";"2023-09-21";2023;9;3,7347;NA;2024-12-24
"263";"Precio del cobre";"2023-09-22";2023;9;3,7565;NA;2024-12-24
"264";"Precio del cobre";"2023-09-23";2023;9;3,7565;NA;2024-12-24
"265";"Precio del cobre";"2023-09-24";2023;9;3,7565;NA;2024-12-24
"266";"Precio del cobre";"2023-09-25";2023;9;3,6876;NA;2024-12-24
"267";"Precio del cobre";"2023-09-26";2023;9;3,7021;NA;2024-12-24
"268";"Precio del cobre";"2023-09-27";2023;9;3,663;NA;2024-12-24
"269";"Precio del cobre";"2023-09-28";2023;9;3,6443;NA;2024-12-24
"270";"Precio del cobre";"2023-09-29";2023;9;3,6544;NA;2024-12-24
"271";"Precio del cobre";"2023-09-30";2023;9;3,6544;NA;2024-12-24
"272";"Precio del cobre";"2023-10-01";2023;10;3,6544;NA;2024-12-24
"273";"Precio del cobre";"2023-10-02";2023;10;3,7045;NA;2024-12-24
"274";"Precio del cobre";"2023-10-03";2023;10;3,7252;NA;2024-12-24
"275";"Precio del cobre";"2023-10-04";2023;10;3,6188;NA;2024-12-24
"276";"Precio del cobre";"2023-10-05";2023;10;3,5966;NA;2024-12-24
"277";"Precio del cobre";"2023-10-06";2023;10;3,5721;NA;2024-12-24
"278";"Precio del cobre";"2023-10-07";2023;10;3,5721;NA;2024-12-24
"279";"Precio del cobre";"2023-10-08";2023;10;3,5721;NA;2024-12-24
"280";"Precio del cobre";"2023-10-09";2023;10;3,5721;NA;2024-12-24
"281";"Precio del cobre";"2023-10-10";2023;10;3,5488;NA;2024-12-24
"282";"Precio del cobre";"2023-10-11";2023;10;3,6466;NA;2024-12-24
"283";"Precio del cobre";"2023-10-12";2023;10;3,6038;NA;2024-12-24
"284";"Precio del cobre";"2023-10-13";2023;10;3,6045;NA;2024-12-24
"285";"Precio del cobre";"2023-10-14";2023;10;3,6045;NA;2024-12-24
"286";"Precio del cobre";"2023-10-15";2023;10;3,6045;NA;2024-12-24
"287";"Precio del cobre";"2023-10-16";2023;10;3,5906;NA;2024-12-24
"288";"Precio del cobre";"2023-10-17";2023;10;3,5724;NA;2024-12-24
"289";"Precio del cobre";"2023-10-18";2023;10;3,5904;NA;2024-12-24
"290";"Precio del cobre";"2023-10-19";2023;10;3,5847;NA;2024-12-24
"291";"Precio del cobre";"2023-10-20";2023;10;3,5841;NA;2024-12-24
"292";"Precio del cobre";"2023-10-21";2023;10;3,5841;NA;2024-12-24
"293";"Precio del cobre";"2023-10-22";2023;10;3,5841;NA;2024-12-24
"294";"Precio del cobre";"2023-10-23";2023;10;3,5961;NA;2024-12-24
"295";"Precio del cobre";"2023-10-24";2023;10;3,5742;NA;2024-12-24
"296";"Precio del cobre";"2023-10-25";2023;10;3,5838;NA;2024-12-24
"297";"Precio del cobre";"2023-10-26";2023;10;3,622;NA;2024-12-24
"298";"Precio del cobre";"2023-10-27";2023;10;3,622;NA;2024-12-24
"299";"Precio del cobre";"2023-10-28";2023;10;3,622;NA;2024-12-24
"300";"Precio del cobre";"2023-10-29";2023;10;3,622;NA;2024-12-24
"301";"Precio del cobre";"2023-10-30";2023;10;3,61;NA;2024-12-24
"302";"Precio del cobre";"2023-10-31";2023;10;3,6424;NA;2024-12-24
"303";"Precio del cobre";"2023-11-01";2023;11;3,6424;NA;2024-12-24
"304";"Precio del cobre";"2023-11-02";2023;11;3,66;NA;2024-12-24
"305";"Precio del cobre";"2023-11-03";2023;11;3,6424;NA;2024-12-24
"306";"Precio del cobre";"2023-11-04";2023;11;3,6424;NA;2024-12-24
"307";"Precio del cobre";"2023-11-05";2023;11;3,6424;NA;2024-12-24
"308";"Precio del cobre";"2023-11-06";2023;11;3,6578;NA;2024-12-24
"309";"Precio del cobre";"2023-11-07";2023;11;3,6722;NA;2024-12-24
"310";"Precio del cobre";"2023-11-08";2023;11;3,7003;NA;2024-12-24
"311";"Precio del cobre";"2023-11-09";2023;11;3,6746;NA;2024-12-24
"312";"Precio del cobre";"2023-11-10";2023;11;3,6553;NA;2024-12-24
"313";"Precio del cobre";"2023-11-11";2023;11;3,6553;NA;2024-12-24
"314";"Precio del cobre";"2023-11-12";2023;11;3,6553;NA;2024-12-24
"315";"Precio del cobre";"2023-11-13";2023;11;3,6597;NA;2024-12-24
"316";"Precio del cobre";"2023-11-14";2023;11;3,6082;NA;2024-12-24
"317";"Precio del cobre";"2023-11-15";2023;11;3,6656;NA;2024-12-24
"318";"Precio del cobre";"2023-11-16";2023;11;3,6941;NA;2024-12-24
"319";"Precio del cobre";"2023-11-17";2023;11;3,7069;NA;2024-12-24
"320";"Precio del cobre";"2023-11-18";2023;11;3,7069;NA;2024-12-24
"321";"Precio del cobre";"2023-11-19";2023;11;3,7069;NA;2024-12-24
"322";"Precio del cobre";"2023-11-20";2023;11;3,6841;NA;2024-12-24
"323";"Precio del cobre";"2023-11-21";2023;11;3,7051;NA;2024-12-24
"324";"Precio del cobre";"2023-11-22";2023;11;3,7831;NA;2024-12-24
"325";"Precio del cobre";"2023-11-23";2023;11;3,7889;NA;2024-12-24
"326";"Precio del cobre";"2023-11-24";2023;11;3,7435;NA;2024-12-24
"327";"Precio del cobre";"2023-11-25";2023;11;3,7435;NA;2024-12-24
"328";"Precio del cobre";"2023-11-26";2023;11;3,7435;NA;2024-12-24
"329";"Precio del cobre";"2023-11-27";2023;11;3,7678;NA;2024-12-24
"330";"Precio del cobre";"2023-11-28";2023;11;3,7783;NA;2024-12-24
"331";"Precio del cobre";"2023-11-29";2023;11;3,7464;NA;2024-12-24
"332";"Precio del cobre";"2023-11-30";2023;11;3,8047;NA;2024-12-24
"333";"Precio del cobre";"2023-12-01";2023;12;3,7814;NA;2024-12-24
"334";"Precio del cobre";"2023-12-02";2023;12;3,7814;NA;2024-12-24
"335";"Precio del cobre";"2023-12-03";2023;12;3,7814;NA;2024-12-24
"336";"Precio del cobre";"2023-12-04";2023;12;3,8045;NA;2024-12-24
"337";"Precio del cobre";"2023-12-05";2023;12;3,873;NA;2024-12-24
"338";"Precio del cobre";"2023-12-06";2023;12;3,7933;NA;2024-12-24
"339";"Precio del cobre";"2023-12-07";2023;12;3,7434;NA;2024-12-24
"340";"Precio del cobre";"2023-12-08";2023;12;3,7434;NA;2024-12-24
"341";"Precio del cobre";"2023-12-09";2023;12;3,7434;NA;2024-12-24
"342";"Precio del cobre";"2023-12-10";2023;12;3,7434;NA;2024-12-24
"343";"Precio del cobre";"2023-12-11";2023;12;3,7201;NA;2024-12-24
"344";"Precio del cobre";"2023-12-12";2023;12;3,7949;NA;2024-12-24
"345";"Precio del cobre";"2023-12-13";2023;12;3,7418;NA;2024-12-24
"346";"Precio del cobre";"2023-12-14";2023;12;3,7466;NA;2024-12-24
"347";"Precio del cobre";"2023-12-15";2023;12;3,7365;NA;2024-12-24
"348";"Precio del cobre";"2023-12-16";2023;12;3,7365;NA;2024-12-24
"349";"Precio del cobre";"2023-12-17";2023;12;3,7365;NA;2024-12-24
"350";"Precio del cobre";"2023-12-18";2023;12;3,8377;NA;2024-12-24
"351";"Precio del cobre";"2023-12-19";2023;12;3,835;NA;2024-12-24
"352";"Precio del cobre";"2023-12-20";2023;12;3,8074;NA;2024-12-24
"353";"Precio del cobre";"2023-12-21";2023;12;3,8558;NA;2024-12-24
"354";"Precio del cobre";"2023-12-22";2023;12;3,8504;NA;2024-12-24
"355";"Precio del cobre";"2023-12-23";2023;12;3,8504;NA;2024-12-24
"356";"Precio del cobre";"2023-12-24";2023;12;3,8504;NA;2024-12-24
"357";"Precio del cobre";"2023-12-25";2023;12;3,8504;NA;2024-12-24
"358";"Precio del cobre";"2023-12-26";2023;12;3,8594;NA;2024-12-24
"359";"Precio del cobre";"2023-12-27";2023;12;3,8481;NA;2024-12-24
"360";"Precio del cobre";"2023-12-28";2023;12;3,8481;NA;2024-12-24
"361";"Precio del cobre";"2023-12-29";2023;12;3,8959;NA;2024-12-24
"362";"Precio del cobre";"2024-1-1";2024;1;3,87;FALSE;2024-12-24
"363";"Precio del cobre";"2024-1-2";2024;1;3,87;TRUE;2024-12-24
"364";"Precio del cobre";"2024-1-3";2024;1;3,84;TRUE;2024-12-24
"365";"Precio del cobre";"2024-1-4";2024;1;3,83;TRUE;2024-12-24
"366";"Precio del cobre";"2024-1-5";2024;1;3,82;TRUE;2024-12-24
"367";"Precio del cobre";"2024-1-6";2024;1;3,82;FALSE;2024-12-24
"368";"Precio del cobre";"2024-1-7";2024;1;3,82;FALSE;2024-12-24
"369";"Precio del cobre";"2024-1-8";2024;1;3,8;TRUE;2024-12-24
"370";"Precio del cobre";"2024-1-9";2024;1;3,79;TRUE;2024-12-24
"371";"Precio del cobre";"2024-1-10";2024;1;3,78;TRUE;2024-12-24
"372";"Precio del cobre";"2024-1-11";2024;1;3,75;TRUE;2024-12-24
"373";"Precio del cobre";"2024-1-12";2024;1;3,75;TRUE;2024-12-24
"374";"Precio del cobre";"2024-1-13";2024;1;3,75;FALSE;2024-12-24
"375";"Precio del cobre";"2024-1-14";2024;1;3,75;FALSE;2024-12-24
"376";"Precio del cobre";"2024-1-15";2024;1;3,75;TRUE;2024-12-24
"377";"Precio del cobre";"2024-1-16";2024;1;3,74;TRUE;2024-12-24
"378";"Precio del cobre";"2024-1-17";2024;1;3,76;TRUE;2024-12-24
"379";"Precio del cobre";"2024-1-18";2024;1;3,75;TRUE;2024-12-24
"380";"Precio del cobre";"2024-1-19";2024;1;3,71;TRUE;2024-12-24
"381";"Precio del cobre";"2024-1-20";2024;1;3,71;FALSE;2024-12-24
"382";"Precio del cobre";"2024-1-21";2024;1;3,71;FALSE;2024-12-24
"383";"Precio del cobre";"2024-1-22";2024;1;3,73;TRUE;2024-12-24
"384";"Precio del cobre";"2024-1-23";2024;1;3,75;TRUE;2024-12-24
"385";"Precio del cobre";"2024-1-24";2024;1;3,74;TRUE;2024-12-24
"386";"Precio del cobre";"2024-1-25";2024;1;3,77;TRUE;2024-12-24
"387";"Precio del cobre";"2024-1-26";2024;1;3,84;TRUE;2024-12-24
"388";"Precio del cobre";"2024-1-27";2024;1;3,84;FALSE;2024-12-24
"389";"Precio del cobre";"2024-1-28";2024;1;3,84;FALSE;2024-12-24
"390";"Precio del cobre";"2024-1-29";2024;1;3,85;TRUE;2024-12-24
"391";"Precio del cobre";"2024-1-30";2024;1;3,83;TRUE;2024-12-24
"392";"Precio del cobre";"2024-1-31";2024;1;3,84;TRUE;2024-12-24
"393";"Precio del cobre";"2024-2-1";2024;2;3,86;TRUE;2024-12-24
"394";"Precio del cobre";"2024-2-2";2024;2;3,86;TRUE;2024-12-24
"395";"Precio del cobre";"2024-2-3";2024;2;3,86;FALSE;2024-12-24
"396";"Precio del cobre";"2024-2-4";2024;2;3,86;FALSE;2024-12-24
"397";"Precio del cobre";"2024-2-5";2024;2;3,82;TRUE;2024-12-24
"398";"Precio del cobre";"2024-2-6";2024;2;3,8;TRUE;2024-12-24
"399";"Precio del cobre";"2024-2-7";2024;2;3,74;TRUE;2024-12-24
"400";"Precio del cobre";"2024-2-8";2024;2;3,76;TRUE;2024-12-24
"401";"Precio del cobre";"2024-2-9";2024;2;3,72;TRUE;2024-12-24
"402";"Precio del cobre";"2024-2-10";2024;2;3,72;FALSE;2024-12-24
"403";"Precio del cobre";"2024-2-11";2024;2;3,72;FALSE;2024-12-24
"404";"Precio del cobre";"2024-2-12";2024;2;3,67;TRUE;2024-12-24
"405";"Precio del cobre";"2024-2-13";2024;2;3,66;TRUE;2024-12-24
"406";"Precio del cobre";"2024-2-14";2024;2;3,69;TRUE;2024-12-24
"407";"Precio del cobre";"2024-2-15";2024;2;3,7;TRUE;2024-12-24
"408";"Precio del cobre";"2024-2-16";2024;2;3,67;TRUE;2024-12-24
"409";"Precio del cobre";"2024-2-17";2024;2;3,67;FALSE;2024-12-24
"410";"Precio del cobre";"2024-2-18";2024;2;3,67;FALSE;2024-12-24
"411";"Precio del cobre";"2024-2-19";2024;2;3,73;TRUE;2024-12-24
"412";"Precio del cobre";"2024-2-20";2024;2;3,81;TRUE;2024-12-24
"413";"Precio del cobre";"2024-2-21";2024;2;3,79;TRUE;2024-12-24
"414";"Precio del cobre";"2024-2-22";2024;2;3,82;TRUE;2024-12-24
"415";"Precio del cobre";"2024-2-23";2024;2;3,84;TRUE;2024-12-24
"416";"Precio del cobre";"2024-2-24";2024;2;3,84;FALSE;2024-12-24
"417";"Precio del cobre";"2024-2-25";2024;2;3,84;FALSE;2024-12-24
"418";"Precio del cobre";"2024-2-26";2024;2;3,86;TRUE;2024-12-24
"419";"Precio del cobre";"2024-2-27";2024;2;3,84;TRUE;2024-12-24
"420";"Precio del cobre";"2024-2-28";2024;2;3,79;TRUE;2024-12-24
"421";"Precio del cobre";"2024-2-29";2024;2;3,8;TRUE;2024-12-24
"422";"Precio del cobre";"2024-3-1";2024;3;3,79;TRUE;2024-12-24
"423";"Precio del cobre";"2024-3-2";2024;3;3,79;FALSE;2024-12-24
"424";"Precio del cobre";"2024-3-3";2024;3;3,79;FALSE;2024-12-24
"425";"Precio del cobre";"2024-3-4";2024;3;3,81;TRUE;2024-12-24
"426";"Precio del cobre";"2024-3-5";2024;3;3,82;TRUE;2024-12-24
"427";"Precio del cobre";"2024-3-6";2024;3;3,84;TRUE;2024-12-24
"428";"Precio del cobre";"2024-3-7";2024;3;3,81;TRUE;2024-12-24
"429";"Precio del cobre";"2024-3-8";2024;3;3,85;TRUE;2024-12-24
"430";"Precio del cobre";"2024-3-9";2024;3;3,85;FALSE;2024-12-24
"431";"Precio del cobre";"2024-3-10";2024;3;3,85;FALSE;2024-12-24
"432";"Precio del cobre";"2024-3-11";2024;3;3,88;TRUE;2024-12-24
"433";"Precio del cobre";"2024-3-12";2024;3;3,85;TRUE;2024-12-24
"434";"Precio del cobre";"2024-3-13";2024;3;3,88;TRUE;2024-12-24
"435";"Precio del cobre";"2024-3-14";2024;3;3,88;TRUE;2024-12-24
"436";"Precio del cobre";"2024-3-15";2024;3;4,01;TRUE;2024-12-24
"437";"Precio del cobre";"2024-3-16";2024;3;4,01;FALSE;2024-12-24
"438";"Precio del cobre";"2024-3-17";2024;3;4,01;FALSE;2024-12-24
"439";"Precio del cobre";"2024-3-18";2024;3;3,98;TRUE;2024-12-24
"440";"Precio del cobre";"2024-3-19";2024;3;4,07;TRUE;2024-12-24
"441";"Precio del cobre";"2024-3-20";2024;3;4,08;TRUE;2024-12-24
"442";"Precio del cobre";"2024-3-21";2024;3;4,02;TRUE;2024-12-24
"443";"Precio del cobre";"2024-3-22";2024;3;4;TRUE;2024-12-24
"444";"Precio del cobre";"2024-3-23";2024;3;4;FALSE;2024-12-24
"445";"Precio del cobre";"2024-3-24";2024;3;4;FALSE;2024-12-24
"446";"Precio del cobre";"2024-3-25";2024;3;4,01;TRUE;2024-12-24
"447";"Precio del cobre";"2024-3-26";2024;3;3,97;TRUE;2024-12-24
"448";"Precio del cobre";"2024-3-27";2024;3;3,97;TRUE;2024-12-24
"449";"Precio del cobre";"2024-3-28";2024;3;3,97;TRUE;2024-12-24
"450";"Precio del cobre";"2024-3-29";2024;3;3,97;FALSE;2024-12-24
"451";"Precio del cobre";"2024-3-30";2024;3;3,97;FALSE;2024-12-24
"452";"Precio del cobre";"2024-3-31";2024;3;3,97;FALSE;2024-12-24
"453";"Precio del cobre";"2024-4-1";2024;4;3,97;TRUE;2024-12-24
"454";"Precio del cobre";"2024-4-2";2024;4;3,98;TRUE;2024-12-24
"455";"Precio del cobre";"2024-4-3";2024;4;3,98;TRUE;2024-12-24
"456";"Precio del cobre";"2024-4-4";2024;4;4,03;TRUE;2024-12-24
"457";"Precio del cobre";"2024-4-5";2024;4;4,15;TRUE;2024-12-24
"458";"Precio del cobre";"2024-4-6";2024;4;4,15;FALSE;2024-12-24
"459";"Precio del cobre";"2024-4-7";2024;4;4,15;FALSE;2024-12-24
"460";"Precio del cobre";"2024-4-8";2024;4;4,19;TRUE;2024-12-24
"461";"Precio del cobre";"2024-4-9";2024;4;4,18;TRUE;2024-12-24
"462";"Precio del cobre";"2024-4-10";2024;4;4,21;TRUE;2024-12-24
"463";"Precio del cobre";"2024-4-11";2024;4;4,21;TRUE;2024-12-24
"464";"Precio del cobre";"2024-4-12";2024;4;4,19;TRUE;2024-12-24
"465";"Precio del cobre";"2024-4-13";2024;4;4,19;FALSE;2024-12-24
"466";"Precio del cobre";"2024-4-14";2024;4;4,19;FALSE;2024-12-24
"467";"Precio del cobre";"2024-4-15";2024;4;4,18;TRUE;2024-12-24
"468";"Precio del cobre";"2024-4-16";2024;4;4,23;TRUE;2024-12-24
"469";"Precio del cobre";"2024-4-17";2024;4;4,31;TRUE;2024-12-24
"470";"Precio del cobre";"2024-4-18";2024;4;4,24;TRUE;2024-12-24
"471";"Precio del cobre";"2024-4-19";2024;4;4,3;TRUE;2024-12-24
"472";"Precio del cobre";"2024-4-20";2024;4;4,3;FALSE;2024-12-24
"473";"Precio del cobre";"2024-4-21";2024;4;4,3;FALSE;2024-12-24
"474";"Precio del cobre";"2024-4-22";2024;4;4,38;TRUE;2024-12-24
"475";"Precio del cobre";"2024-4-23";2024;4;4,44;TRUE;2024-12-24
"476";"Precio del cobre";"2024-4-24";2024;4;4,42;TRUE;2024-12-24
"477";"Precio del cobre";"2024-4-25";2024;4;4,36;TRUE;2024-12-24
"478";"Precio del cobre";"2024-4-26";2024;4;4,38;TRUE;2024-12-24
"479";"Precio del cobre";"2024-4-27";2024;4;4,38;FALSE;2024-12-24
"480";"Precio del cobre";"2024-4-28";2024;4;4,38;FALSE;2024-12-24
"481";"Precio del cobre";"2024-4-29";2024;4;4,42;TRUE;2024-12-24
"482";"Precio del cobre";"2024-4-30";2024;4;4,47;TRUE;2024-12-24
"483";"Precio del cobre";"2024-5-1";2024;5;4,47;FALSE;2024-12-24
"484";"Precio del cobre";"2024-5-2";2024;5;4,57;TRUE;2024-12-24
"485";"Precio del cobre";"2024-5-3";2024;5;4,44;TRUE;2024-12-24
"486";"Precio del cobre";"2024-5-4";2024;5;4,44;FALSE;2024-12-24
"487";"Precio del cobre";"2024-5-5";2024;5;4,44;FALSE;2024-12-24
"488";"Precio del cobre";"2024-5-6";2024;5;4,37;TRUE;2024-12-24
"489";"Precio del cobre";"2024-5-7";2024;5;4,44;TRUE;2024-12-24
"490";"Precio del cobre";"2024-5-8";2024;5;4,44;TRUE;2024-12-24
"491";"Precio del cobre";"2024-5-9";2024;5;4,49;TRUE;2024-12-24
"492";"Precio del cobre";"2024-5-10";2024;5;4,43;TRUE;2024-12-24
"493";"Precio del cobre";"2024-5-11";2024;5;4,43;FALSE;2024-12-24
"494";"Precio del cobre";"2024-5-12";2024;5;4,43;FALSE;2024-12-24
"495";"Precio del cobre";"2024-5-13";2024;5;4,44;TRUE;2024-12-24
"496";"Precio del cobre";"2024-5-14";2024;5;4,49;TRUE;2024-12-24
"497";"Precio del cobre";"2024-5-15";2024;5;4,57;TRUE;2024-12-24
"498";"Precio del cobre";"2024-5-16";2024;5;4,54;TRUE;2024-12-24
"499";"Precio del cobre";"2024-5-17";2024;5;4,59;TRUE;2024-12-24
"500";"Precio del cobre";"2024-5-18";2024;5;4,59;FALSE;2024-12-24
"501";"Precio del cobre";"2024-5-19";2024;5;4,59;FALSE;2024-12-24
"502";"Precio del cobre";"2024-5-20";2024;5;4,69;TRUE;2024-12-24
"503";"Precio del cobre";"2024-5-21";2024;5;4,69;FALSE;2024-12-24
"504";"Precio del cobre";"2024-5-22";2024;5;4,81;TRUE;2024-12-24
"505";"Precio del cobre";"2024-5-23";2024;5;4,87;TRUE;2024-12-24
"506";"Precio del cobre";"2024-5-24";2024;5;4,67;TRUE;2024-12-24
"507";"Precio del cobre";"2024-5-25";2024;5;4,67;FALSE;2024-12-24
"508";"Precio del cobre";"2024-5-26";2024;5;4,67;FALSE;2024-12-24
"509";"Precio del cobre";"2024-5-27";2024;5;4,68;TRUE;2024-12-24
"510";"Precio del cobre";"2024-5-28";2024;5;4,63;TRUE;2024-12-24
"511";"Precio del cobre";"2024-5-29";2024;5;4,63;TRUE;2024-12-24
"512";"Precio del cobre";"2024-5-30";2024;5;4,71;TRUE;2024-12-24
"513";"Precio del cobre";"2024-5-31";2024;5;4,68;TRUE;2024-12-24
"514";"Precio del cobre";"2024-6-1";2024;6;4,68;FALSE;2024-12-24
"515";"Precio del cobre";"2024-6-2";2024;6;4,68;FALSE;2024-12-24
"516";"Precio del cobre";"2024-6-3";2024;6;4,54;TRUE;2024-12-24
"517";"Precio del cobre";"2024-6-4";2024;6;4,5;TRUE;2024-12-24
"518";"Precio del cobre";"2024-6-5";2024;6;4,54;TRUE;2024-12-24
"519";"Precio del cobre";"2024-6-6";2024;6;4,45;TRUE;2024-12-24
"520";"Precio del cobre";"2024-6-7";2024;6;4,45;TRUE;2024-12-24
"521";"Precio del cobre";"2024-6-8";2024;6;4,45;FALSE;2024-12-24
"522";"Precio del cobre";"2024-6-9";2024;6;4,45;FALSE;2024-12-24
"523";"Precio del cobre";"2024-6-10";2024;6;4,55;TRUE;2024-12-24
"524";"Precio del cobre";"2024-6-11";2024;6;4,37;TRUE;2024-12-24
"525";"Precio del cobre";"2024-6-12";2024;6;4,43;TRUE;2024-12-24
"526";"Precio del cobre";"2024-6-13";2024;6;4,37;TRUE;2024-12-24
"527";"Precio del cobre";"2024-6-14";2024;6;4,45;TRUE;2024-12-24
"528";"Precio del cobre";"2024-6-15";2024;6;4,45;FALSE;2024-12-24
"529";"Precio del cobre";"2024-6-16";2024;6;4,45;FALSE;2024-12-24
"530";"Precio del cobre";"2024-6-17";2024;6;4,38;TRUE;2024-12-24
"531";"Precio del cobre";"2024-6-18";2024;6;4,36;TRUE;2024-12-24
"532";"Precio del cobre";"2024-6-19";2024;6;4,33;TRUE;2024-12-24
"533";"Precio del cobre";"2024-6-20";2024;6;4,33;FALSE;2024-12-24
"534";"Precio del cobre";"2024-6-21";2024;6;4,32;TRUE;2024-12-24
"535";"Precio del cobre";"2024-6-22";2024;6;4,32;FALSE;2024-12-24
"536";"Precio del cobre";"2024-6-23";2024;6;4,32;FALSE;2024-12-24
"537";"Precio del cobre";"2024-6-24";2024;6;4,41;TRUE;2024-12-24
"538";"Precio del cobre";"2024-6-25";2024;6;4,33;TRUE;2024-12-24
"539";"Precio del cobre";"2024-6-26";2024;6;4,32;TRUE;2024-12-24
"540";"Precio del cobre";"2024-6-27";2024;6;4,27;TRUE;2024-12-24
"541";"Precio del cobre";"2024-6-28";2024;6;4,26;TRUE;2024-12-24
"542";"Precio del cobre";"2024-6-29";2024;6;4,26;FALSE;2024-12-24
"543";"Precio del cobre";"2024-6-30";2024;6;4,26;FALSE;2024-12-24
"544";"Precio del cobre";"2024-7-1";2024;7;4,25;TRUE;2024-12-24
"545";"Precio del cobre";"2024-7-2";2024;7;4,29;TRUE;2024-12-24
"546";"Precio del cobre";"2024-7-3";2024;7;4,3;TRUE;2024-12-24
"547";"Precio del cobre";"2024-7-4";2024;7;4,32;TRUE;2024-12-24
"548";"Precio del cobre";"2024-7-5";2024;7;4,41;TRUE;2024-12-24
"549";"Precio del cobre";"2024-7-6";2024;7;4,41;FALSE;2024-12-24
"550";"Precio del cobre";"2024-7-7";2024;7;4,41;FALSE;2024-12-24
"551";"Precio del cobre";"2024-7-8";2024;7;4,42;TRUE;2024-12-24
"552";"Precio del cobre";"2024-7-9";2024;7;4,44;TRUE;2024-12-24
"553";"Precio del cobre";"2024-7-10";2024;7;4,43;TRUE;2024-12-24
"554";"Precio del cobre";"2024-7-11";2024;7;4,4;TRUE;2024-12-24
"555";"Precio del cobre";"2024-7-12";2024;7;4,42;TRUE;2024-12-24
"556";"Precio del cobre";"2024-7-13";2024;7;4,42;FALSE;2024-12-24
"557";"Precio del cobre";"2024-7-14";2024;7;4,42;FALSE;2024-12-24
"558";"Precio del cobre";"2024-7-15";2024;7;4,37;TRUE;2024-12-24
"559";"Precio del cobre";"2024-7-16";2024;7;4,37;FALSE;2024-12-24
"560";"Precio del cobre";"2024-7-17";2024;7;4,41;TRUE;2024-12-24
"561";"Precio del cobre";"2024-7-18";2024;7;4,31;TRUE;2024-12-24
"562";"Precio del cobre";"2024-7-19";2024;7;4,3;TRUE;2024-12-24
"563";"Precio del cobre";"2024-7-20";2024;7;4,3;FALSE;2024-12-24
"564";"Precio del cobre";"2024-7-21";2024;7;4,3;FALSE;2024-12-24
"565";"Precio del cobre";"2024-7-22";2024;7;4,2;TRUE;2024-12-24
"566";"Precio del cobre";"2024-7-23";2024;7;4,16;TRUE;2024-12-24
"567";"Precio del cobre";"2024-7-24";2024;7;4,12;TRUE;2024-12-24
"568";"Precio del cobre";"2024-7-25";2024;7;4,1;TRUE;2024-12-24
"569";"Precio del cobre";"2024-7-26";2024;7;4,07;TRUE;2024-12-24
"570";"Precio del cobre";"2024-7-27";2024;7;4,07;FALSE;2024-12-24
"571";"Precio del cobre";"2024-7-28";2024;7;4,07;FALSE;2024-12-24
"572";"Precio del cobre";"2024-7-29";2024;7;4,08;TRUE;2024-12-24
"573";"Precio del cobre";"2024-7-30";2024;7;4,08;TRUE;2024-12-24
"574";"Precio del cobre";"2024-7-31";2024;7;4,03;TRUE;2024-12-24
"575";"Precio del cobre";"2024-8-1";2024;8;4,01;TRUE;2024-12-24
"576";"Precio del cobre";"2024-8-2";2024;8;4,13;TRUE;2024-12-24
"577";"Precio del cobre";"2024-8-3";2024;8;4,13;FALSE;2024-12-24
"578";"Precio del cobre";"2024-8-4";2024;8;4,13;FALSE;2024-12-24
"579";"Precio del cobre";"2024-8-5";2024;8;4,05;TRUE;2024-12-24
"580";"Precio del cobre";"2024-8-6";2024;8;4,05;TRUE;2024-12-24
"581";"Precio del cobre";"2024-8-7";2024;8;3,98;TRUE;2024-12-24
"582";"Precio del cobre";"2024-8-8";2024;8;3,99;TRUE;2024-12-24
"583";"Precio del cobre";"2024-8-9";2024;8;3,92;TRUE;2024-12-24
"584";"Precio del cobre";"2024-8-10";2024;8;3,92;FALSE;2024-12-24
"585";"Precio del cobre";"2024-8-11";2024;8;3,92;FALSE;2024-12-24
"586";"Precio del cobre";"2024-8-12";2024;8;3,93;TRUE;2024-12-24
"587";"Precio del cobre";"2024-8-13";2024;8;3,97;TRUE;2024-12-24
"588";"Precio del cobre";"2024-8-14";2024;8;4,04;TRUE;2024-12-24
"589";"Precio del cobre";"2024-8-15";2024;8;4,04;FALSE;2024-12-24
"590";"Precio del cobre";"2024-8-16";2024;8;4,01;TRUE;2024-12-24
"591";"Precio del cobre";"2024-8-17";2024;8;4,01;FALSE;2024-12-24
"592";"Precio del cobre";"2024-8-18";2024;8;4,01;FALSE;2024-12-24
"593";"Precio del cobre";"2024-8-19";2024;8;4,11;TRUE;2024-12-24
"594";"Precio del cobre";"2024-8-20";2024;8;4,09;TRUE;2024-12-24
"595";"Precio del cobre";"2024-8-21";2024;8;4,15;TRUE;2024-12-24
"596";"Precio del cobre";"2024-8-22";2024;8;4,12;TRUE;2024-12-24
"597";"Precio del cobre";"2024-8-23";2024;8;4,14;TRUE;2024-12-24
"598";"Precio del cobre";"2024-8-24";2024;8;4,14;FALSE;2024-12-24
"599";"Precio del cobre";"2024-8-25";2024;8;4,14;FALSE;2024-12-24
"600";"Precio del cobre";"2024-8-26";2024;8;4,09;TRUE;2024-12-24
"601";"Precio del cobre";"2024-8-27";2024;8;4,16;TRUE;2024-12-24
"602";"Precio del cobre";"2024-8-28";2024;8;4,16;TRUE;2024-12-24
"603";"Precio del cobre";"2024-8-29";2024;8;4,23;TRUE;2024-12-24
"604";"Precio del cobre";"2024-8-30";2024;8;4,14;TRUE;2024-12-24
"605";"Precio del cobre";"2024-8-31";2024;8;4,14;FALSE;2024-12-24
"606";"Precio del cobre";"2024-9-1";2024;9;4,14;FALSE;2024-12-24
"607";"Precio del cobre";"2024-9-2";2024;9;4,14;TRUE;2024-12-24
"608";"Precio del cobre";"2024-9-3";2024;9;4,14;TRUE;2024-12-24
"609";"Precio del cobre";"2024-9-4";2024;9;4,11;TRUE;2024-12-24
"610";"Precio del cobre";"2024-9-5";2024;9;4,01;TRUE;2024-12-24
"611";"Precio del cobre";"2024-9-6";2024;9;4,01;TRUE;2024-12-24
"612";"Precio del cobre";"2024-9-7";2024;9;4,01;FALSE;2024-12-24
"613";"Precio del cobre";"2024-9-8";2024;9;4,01;FALSE;2024-12-24
"614";"Precio del cobre";"2024-9-9";2024;9;4,07;TRUE;2024-12-24
"615";"Precio del cobre";"2024-9-10";2024;9;4,03;TRUE;2024-12-24
"616";"Precio del cobre";"2024-9-11";2024;9;4,07;TRUE;2024-12-24
"617";"Precio del cobre";"2024-9-12";2024;9;4,04;TRUE;2024-12-24
"618";"Precio del cobre";"2024-9-13";2024;9;4,07;TRUE;2024-12-24
"619";"Precio del cobre";"2024-9-14";2024;9;4,07;FALSE;2024-12-24
"620";"Precio del cobre";"2024-9-15";2024;9;4,07;FALSE;2024-12-24
"621";"Precio del cobre";"2024-9-16";2024;9;4,13;TRUE;2024-12-24
"622";"Precio del cobre";"2024-9-17";2024;9;4,17;TRUE;2024-12-24
"623";"Precio del cobre";"2024-9-18";2024;9;4,17;FALSE;2024-12-24
"624";"Precio del cobre";"2024-9-19";2024;9;4,17;FALSE;2024-12-24
"625";"Precio del cobre";"2024-9-20";2024;9;4,17;FALSE;2024-12-24
"626";"Precio del cobre";"2024-9-21";2024;9;4,17;FALSE;2024-12-24
"627";"Precio del cobre";"2024-9-22";2024;9;4,17;FALSE;2024-12-24
"628";"Precio del cobre";"2024-9-23";2024;9;4,2;TRUE;2024-12-24
"629";"Precio del cobre";"2024-9-24";2024;9;4,24;TRUE;2024-12-24
"630";"Precio del cobre";"2024-9-25";2024;9;4,27;TRUE;2024-12-24
"631";"Precio del cobre";"2024-9-26";2024;9;4,38;TRUE;2024-12-24
"632";"Precio del cobre";"2024-9-27";2024;9;4,39;TRUE;2024-12-24
"633";"Precio del cobre";"2024-9-28";2024;9;4,39;FALSE;2024-12-24
"634";"Precio del cobre";"2024-9-29";2024;9;4,39;FALSE;2024-12-24
"635";"Precio del cobre";"2024-9-30";2024;9;4,51;TRUE;2024-12-24
"636";"Precio del cobre";"2024-10-1";2024;10;4,47;TRUE;2024-12-24
"637";"Precio del cobre";"2024-10-2";2024;10;4,4;TRUE;2024-12-24
"638";"Precio del cobre";"2024-10-3";2024;10;4,46;TRUE;2024-12-24
"639";"Precio del cobre";"2024-10-4";2024;10;4,51;TRUE;2024-12-24
"640";"Precio del cobre";"2024-10-5";2024;10;4,51;FALSE;2024-12-24
"641";"Precio del cobre";"2024-10-6";2024;10;4,51;FALSE;2024-12-24
"642";"Precio del cobre";"2024-10-7";2024;10;4,41;TRUE;2024-12-24
"643";"Precio del cobre";"2024-10-8";2024;10;4,44;TRUE;2024-12-24
"644";"Precio del cobre";"2024-10-9";2024;10;4,44;TRUE;2024-12-24
"645";"Precio del cobre";"2024-10-10";2024;10;4,35;TRUE;2024-12-24
"646";"Precio del cobre";"2024-10-11";2024;10;4,32;TRUE;2024-12-24
"647";"Precio del cobre";"2024-10-12";2024;10;4,32;FALSE;2024-12-24
"648";"Precio del cobre";"2024-10-13";2024;10;4,32;FALSE;2024-12-24
"649";"Precio del cobre";"2024-10-14";2024;10;4,35;TRUE;2024-12-24
"650";"Precio del cobre";"2024-10-15";2024;10;4,38;TRUE;2024-12-24
"651";"Precio del cobre";"2024-10-16";2024;10;4,32;TRUE;2024-12-24
"652";"Precio del cobre";"2024-10-17";2024;10;4,26;TRUE;2024-12-24
"653";"Precio del cobre";"2024-10-18";2024;10;4,27;TRUE;2024-12-24
"654";"Precio del cobre";"2024-10-19";2024;10;4,27;FALSE;2024-12-24
"655";"Precio del cobre";"2024-10-20";2024;10;4,27;FALSE;2024-12-24
"656";"Precio del cobre";"2024-10-21";2024;10;4,26;TRUE;2024-12-24
"657";"Precio del cobre";"2024-10-22";2024;10;4,31;TRUE;2024-12-24
"658";"Precio del cobre";"2024-10-23";2024;10;4,27;TRUE;2024-12-24
"659";"Precio del cobre";"2024-10-24";2024;10;4,28;TRUE;2024-12-24
"660";"Precio del cobre";"2024-10-25";2024;10;4,25;TRUE;2024-12-24
"661";"Precio del cobre";"2024-10-26";2024;10;4,25;FALSE;2024-12-24
"662";"Precio del cobre";"2024-10-27";2024;10;4,25;FALSE;2024-12-24
"663";"Precio del cobre";"2024-10-28";2024;10;4,25;TRUE;2024-12-24
"664";"Precio del cobre";"2024-10-29";2024;10;4,3;TRUE;2024-12-24
"665";"Precio del cobre";"2024-10-30";2024;10;4,26;TRUE;2024-12-24
"666";"Precio del cobre";"2024-10-31";2024;10;4,26;FALSE;2024-12-24
"667";"Precio del cobre";"2024-11-1";2024;11;4,26;FALSE;2024-12-24
"668";"Precio del cobre";"2024-11-2";2024;11;4,26;FALSE;2024-12-24
"669";"Precio del cobre";"2024-11-3";2024;11;4,26;FALSE;2024-12-24
"670";"Precio del cobre";"2024-11-4";2024;11;4,26;TRUE;2024-12-24
"671";"Precio del cobre";"2024-11-5";2024;11;4,28;TRUE;2024-12-24
"672";"Precio del cobre";"2024-11-6";2024;11;4,34;TRUE;2024-12-24
"673";"Precio del cobre";"2024-11-7";2024;11;4,35;TRUE;2024-12-24
"674";"Precio del cobre";"2024-11-8";2024;11;4,17;TRUE;2024-12-24
"675";"Precio del cobre";"2024-11-9";2024;11;4,17;FALSE;2024-12-24
"676";"Precio del cobre";"2024-11-10";2024;11;4,17;FALSE;2024-12-24
"677";"Precio del cobre";"2024-11-11";2024;11;4,32;TRUE;2024-12-24
"678";"Precio del cobre";"2024-11-12";2024;11;4,22;TRUE;2024-12-24
"679";"Precio del cobre";"2024-11-13";2024;11;4,17;TRUE;2024-12-24
"680";"Precio del cobre";"2024-11-14";2024;11;4,08;TRUE;2024-12-24
"681";"Precio del cobre";"2024-11-15";2024;11;4,04;TRUE;2024-12-24
"682";"Precio del cobre";"2024-11-16";2024;11;4,04;FALSE;2024-12-24
"683";"Precio del cobre";"2024-11-17";2024;11;4,04;FALSE;2024-12-24
"684";"Precio del cobre";"2024-11-18";2024;11;4,02;TRUE;2024-12-24
"685";"Precio del cobre";"2024-11-19";2024;11;4,03;TRUE;2024-12-24
"686";"Precio del cobre";"2024-11-20";2024;11;4,06;TRUE;2024-12-24
"687";"Precio del cobre";"2024-11-21";2024;11;4,07;TRUE;2024-12-24
"688";"Precio del cobre";"2024-11-22";2024;11;4,07;TRUE;2024-12-24
"689";"Precio del cobre";"2024-11-23";2024;11;4,07;FALSE;2024-12-24
"690";"Precio del cobre";"2024-11-24";2024;11;4,07;FALSE;2024-12-24
"691";"Precio del cobre";"2024-11-25";2024;11;4,03;TRUE;2024-12-24
"692";"Precio del cobre";"2024-11-26";2024;11;4,01;TRUE;2024-12-24
"693";"Precio del cobre";"2024-11-27";2024;11;4,05;TRUE;2024-12-24
"694";"Precio del cobre";"2024-11-28";2024;11;4,03;TRUE;2024-12-24
"695";"Precio del cobre";"2024-11-29";2024;11;4,04;TRUE;2024-12-24
"696";"Precio del cobre";"2024-11-30";2024;11;4,04;FALSE;2024-12-24
"697";"Precio del cobre";"2024-12-1";2024;12;4,04;FALSE;2024-12-24
"698";"Precio del cobre";"2024-12-2";2024;12;4,03;TRUE;2024-12-24
"699";"Precio del cobre";"2024-12-3";2024;12;4,03;TRUE;2024-12-24
"700";"Precio del cobre";"2024-12-4";2024;12;4,03;TRUE;2024-12-24
"701";"Precio del cobre";"2024-12-5";2024;12;4,09;TRUE;2024-12-24
"702";"Precio del cobre";"2024-12-6";2024;12;4,07;TRUE;2024-12-24
"703";"Precio del cobre";"2024-12-7";2024;12;4,07;FALSE;2024-12-24
"704";"Precio del cobre";"2024-12-8";2024;12;4,07;FALSE;2024-12-24
"705";"Precio del cobre";"2024-12-9";2024;12;4,07;TRUE;2024-12-24
"706";"Precio del cobre";"2024-12-10";2024;12;4,09;TRUE;2024-12-24
"707";"Precio del cobre";"2024-12-11";2024;12;4,14;TRUE;2024-12-24
"708";"Precio del cobre";"2024-12-12";2024;12;4,13;TRUE;2024-12-24
"709";"Precio del cobre";"2024-12-13";2024;12;4,12;TRUE;2024-12-24
"710";"Precio del cobre";"2024-12-14";2024;12;4,12;FALSE;2024-12-24
"711";"Precio del cobre";"2024-12-15";2024;12;4,12;FALSE;2024-12-24
"712";"Precio del cobre";"2024-12-16";2024;12;4,07;TRUE;2024-12-24
"713";"Precio del cobre";"2024-12-17";2024;12;4,06;TRUE;2024-12-24
"714";"Precio del cobre";"2024-12-18";2024;12;4,06;TRUE;2024-12-24
"715";"Precio del cobre";"2024-12-19";2024;12;4,02;TRUE;2024-12-24
"716";"Precio del cobre";"2024-12-20";2024;12;4,04;TRUE;2024-12-24
"717";"Precio del cobre";"2024-12-21";2024;12;4,04;FALSE;2024-12-24
"718";"Precio del cobre";"2024-12-22";2024;12;4,04;FALSE;2024-12-24
"719";"Precio del cobre";"2024-12-23";2024;12;3,98;TRUE;2024-12-24
"720";"Precio del cobre";"2024-12-24";2024;12;4,01;TRUE;2024-12-24
